{
	"current" : 	{
		"node/CornerPin/color" : [ 1.0, 1.0, 1.0, 1.0 ],
		"node/CornerPin/enable" : 1.0,
		"node/CornerPin/interpolate" : 0.0,
		"node/CornerPin/render/renderGroup" : [ 0, 0.0, 0.0, 0.0, 0.0, 0.0, 0.0, 0.0, 0.0, 0.0, 0.0, 0.0, 0.0, 0.0, 0.0, 0.0, 0.0, 0.0, 0.0, 0.0, 0.0, 0.0, 0.0, 0.0, 0.0, 0.0, 0.0, 0.0, 0.0, 0.0, 0.0, 0.0, 0.0 ],
		"node/CornerPin/render/viewport" : "Viewport",
		"node/CornerPin/aspect/ratio/preserve" : 0.0,
		"node/CornerPin/blend/enable" : 0.0,
		"node/CornerPin/blend/mode" : "alphablend",
		"node/CornerPin/corner/draw" : 0.0,
		"node/CornerPin/corner/radius" : 30,
		"node/CornerPin/corner/lower/left" : [ 0.055556, 0.908772 ],
		"node/CornerPin/corner/lower/right" : [ 0.885185, 0.908772 ],
		"node/CornerPin/corner/upper/left" : [ 0.107407, 0.112281 ],
		"node/CornerPin/corner/upper/right" : [ 0.812963, 0.119298 ],
		"node/CornerPin/depth/layer" : 0,
		"node/CornerPin/internal/body" : "expand",
		"node/CornerPin/internal/nodeid" : "1000_id",
		"node/CornerPin/smooth/enable" : 0.0,
		"node/SpoutReceiver/enable" : 1.0,
		"node/SpoutReceiver/flipX" : 0.0,
		"node/SpoutReceiver/flipY" : 0.0,
		"node/SpoutReceiver/sender" : "Spout Demo Sender",
		"node/SpoutReceiver/internal/body" : "expand",
		"node/SpoutReceiver/internal/nodeid" : "1033_id",
		"node/SpoutReceiver/render/pass" : "passA",
		"node/Viewport/enable" : 1.0,
		"node/Viewport/tfm/local/matrix" : [ 1.0, 0.0, 0.0, 0.0, 0.0, 1.0, 0.0, 0.0, 0.0, 0.0, 1.0, 0.0, 0.0, 0.0, 0.0, 1.0 ],
		"node/Viewport/tfm/local/posX" : 0.0,
		"node/Viewport/tfm/local/posY" : 0.0,
		"node/Viewport/tfm/local/posZ" : 0.0,
		"node/Viewport/tfm/local/rotX" : 0.0,
		"node/Viewport/tfm/local/rotY" : 0.0,
		"node/Viewport/tfm/local/rotZ" : 0.0,
		"node/Viewport/tfm/local/scaleX" : 1.0,
		"node/Viewport/tfm/local/scaleY" : 1.0,
		"node/Viewport/tfm/local/scaleZ" : 1.0,
		"node/Viewport/tfm/local/pos" : [ 0.0, 0.0, 0.0 ],
		"node/Viewport/tfm/local/rot" : [ 0.0, 0.0, 0.0 ],
		"node/Viewport/tfm/local/scale" : [ 1.0, 1.0, 1.0 ],
		"node/Viewport/tfm/reset" : 1.0,
		"node/Viewport/internal/body" : "expand",
		"node/Viewport/internal/nodeid" : "1041_id",
		"node/Viewport/mesh/filewatch" : 0.0,
		"node/Viewport/mesh/render" : 0.0,
		"node/Viewport/mesh/type" : "none",
		"node/Viewport/mesh/warp" : "<none>",
		"node/Viewport/mesh/file/name" : "select....",
		"node/Viewport/mesh/file/path" : "notfound",
		"node/Viewport/mesh/wireframe/color" : [ 1.0, 1.0, 1.0, 1.0 ],
		"node/Viewport/render/shader" : "<none>",
		"node/Viewport/render/blend/enable" : 1.0,
		"node/Viewport/render/depth/enable" : 0.0,
		"node/Viewport/window/column" : "*",
		"node/Viewport/window/name" : "Window",
		"node/Viewport/window/row" : "*",
		"node/Window/antialias" : 0.0,
		"node/Window/enable" : 1.0,
		"node/Window/interact" : 0.0,
		"node/Window/vsync" : 0.0,
		"node/Window/desktop/border" : 1.0,
		"node/Window/desktop/floating" : 0.0,
		"node/Window/internal/body" : "expand",
		"node/Window/internal/escape" : 1.0,
		"node/Window/internal/nodeid" : "1612_id",
		"node/Window/position/desktop" : [ 810, 677, 1354, 962 ],
		"node/Window/position/output" : [ 4480, 0, 8320, 2160 ],
		"node/Window/position/mode" : 1.0,
		"node/Window/slice/columns" : 0,
		"node/Window/slice/rows" : 0
	}

}
